{
    "page": 53,
    "table_number": 1,
    "data": [
        [
            "Valve\nSize",
            "Orifice\nDiameter",
            "Plug\nTravel",
            "Trim\nNumber",
            "CV AT VALVE OPENING - Percent of Plug Travel",
            null,
            null,
            null,
            null,
            null,
            null,
            null,
            null,
            null,
            null
        ],
        [
            "mm\n(NPS)",
            "mm\n(inch)",
            "mm\n(inch)",
            null,
            "5",
            "10",
            "20",
            "30",
            "40",
            "50",
            "60",
            "70",
            "80",
            "90",
            "100"
        ],
        [
            "6.35 (1/4)\n12.7 (1/2)",
            "3.97\n(0.156)",
            "12.7\n(0.5)",
            "16",
            "0.000001",
            "0.000003",
            "0.00001",
            "0.00002",
            "0.00003",
            "0.00005",
            "0.00006",
            "0.00008",
            "0.0001",
            "0.0012",
            "0.00013"
        ],
        [
            null,
            null,
            null,
            "15",
            "0.000002",
            "0.000006",
            "0.00002",
            "0.00004",
            "0.00006",
            "0.00009",
            "0.00011",
            "0.00015",
            "0.0002",
            "0.00023",
            "0.00025"
        ],
        [
            null,
            null,
            null,
            "14",
            "0.000004",
            "0.000014",
            "0.00004",
            "0.00006",
            "0.00009",
            "0.00013",
            "0.00021",
            "0.00031",
            "0.0004",
            "0.00045",
            "0.0005"
        ],
        [
            null,
            null,
            null,
            "13",
            "0.00001",
            "0.00003",
            "0.00008",
            "0.00012",
            "0.00017",
            "0.00025",
            "0.00037",
            "0.0006",
            "0.0008",
            "0.0009",
            "0.001"
        ],
        [
            null,
            null,
            null,
            "12",
            "0.00002",
            "0.00007",
            "0.00017",
            "0.00025",
            "0.00036",
            "0.0005",
            "0.0007",
            "0.0010",
            "0.0015",
            "0.0018",
            "0.002"
        ],
        [
            null,
            null,
            null,
            "11",
            "0.00004",
            "0.0001",
            "0.00025",
            "0.00040",
            "0.00058",
            "0.0009",
            "0.0014",
            "0.0020",
            "0.0029",
            "0.0036",
            "0.004"
        ],
        [
            null,
            null,
            null,
            "10",
            "0.00008",
            "0.00015",
            "0.00030",
            "0.00057",
            "0.0010",
            "0.0017",
            "0.0029",
            "0.0046",
            "0.0062",
            "0.0072",
            "0.008"
        ],
        [
            null,
            null,
            null,
            "09",
            "0.00009",
            "0.00018",
            "0.00040",
            "0.0008",
            "0.0016",
            "0.0031",
            "0.0057",
            "0.0087",
            "0.011",
            "0.014",
            "0.015"
        ],
        [
            null,
            null,
            null,
            "08",
            "0.00010",
            "0.00020",
            "0.0005",
            "0.0012",
            "0.0028",
            "0.006",
            "0.010",
            "0.016",
            "0.022",
            "0.026",
            "0.03"
        ],
        [
            null,
            null,
            null,
            "07",
            "0.00012",
            "0.00025",
            "0.0007",
            "0.0019",
            "0.005",
            "0.011",
            "0.022",
            "0.035",
            "0.046",
            "0.054",
            "0.06"
        ],
        [
            null,
            null,
            null,
            "06",
            "0.00015",
            "0.0003",
            "0.001",
            "0.003",
            "0.008",
            "0.021",
            "0.040",
            "0.062",
            "0.08",
            "0.09",
            "0.10"
        ],
        [
            null,
            null,
            null,
            "05",
            "0.0002",
            "0.0005",
            "0.002",
            "0.006",
            "0.016",
            "0.04",
            "0.079",
            "0.12",
            "0.16",
            "0.18",
            "0.20"
        ],
        [
            null,
            null,
            null,
            "04",
            "0.0017",
            "0.005",
            "0.011",
            "0.02",
            "0.034",
            "0.06",
            "0.11",
            "0.19",
            "0.29",
            "0.38",
            "0.45"
        ],
        [
            "12.7 (1/2)",
            "9.53\n(0.375)",
            "12.7\n(0.5)",
            "03",
            "0.009",
            "0.014",
            "0.030",
            "0.06",
            "0.11",
            "0.17",
            "0.25",
            "0.35",
            "0.45",
            "0.60",
            "1.0"
        ],
        [
            null,
            null,
            null,
            "02",
            "0.015",
            "0.020",
            "0.050",
            "0.10",
            "0.15",
            "0.25",
            "0.37",
            "0.50",
            "0.72",
            "1.2",
            "1.5"
        ],
        [
            null,
            null,
            null,
            "01",
            "0.023",
            "0.035",
            "0.075",
            "0.15",
            "0.25",
            "0.42",
            "0.61",
            "0.88",
            "1.2",
            "1.7",
            "2.5"
        ]
    ]
}