{
    "page": 412,
    "table_number": 1,
    "data": [
        [
            "To\nObtain\nby\nMultiply\nNumber of",
            "millimeter\nmm",
            "meter\nm",
            "inch\nin",
            "feet\nft",
            "yard\nyd"
        ],
        [
            "millimeters\nmeters\ninches\nfeet\nyards",
            "1\n1000\n25.40\n304.8\n914.4",
            "0.001000\n1\n0.02540\n0.3048\n0.9144",
            "0.03937\n39.37\n1\n12.00\n36.00",
            "0.003281\n3.281\n0.08333\n1\n3.00",
            "0.001094\n1.094\n0.02778\n0.3333\n1"
        ],
        [
            "Note: 1 meter = 10 decimeters = 100 centimeters = 1000 millimeters = 0.001 kilometers = 1 x 106 microns",
            null,
            null,
            null,
            null,
            null
        ]
    ]
}