{
    "page": 413,
    "table_number": 3,
    "data": [
        [
            "To\nObtain\nby\nMultiply\nNumber of",
            "feet per\nsecond\nft/sec",
            "feet per minute\nft/min",
            "miles per hour\nmi/hr",
            "meter per second\nm/sec",
            "meter per minute\nm/min",
            "kilometer per\nhour\nkm/hr"
        ],
        [
            "ft/sec\nft/min\nmi/hr\nm/sec\nm/min\nkm/hr",
            "1\n0.01667\n1.467\n3.280\n0.05468\n0.9113",
            "60.00\n1\n88.00\n196.9\n3.281\n54.68",
            "0.6818\n0.01136\n1\n2.237\n0.03728\n0.6214",
            "0.3048\n0.005080\n0.4470\n1\n0.01667\n0.2778",
            "18.29\n0.3048\n26.82\n60.00\n1\n16.67",
            "1.097\n0.01829\n1.609\n3.600\n0.06000\n1"
        ]
    ]
}