{
    "page": 55,
    "table_number": 2,
    "data": [
        [
            "ORIFICE\nDIA-\nMETER",
            "DIA-\nPHRAGM\nTRAVEL",
            "Cv AT VALVE OPENING - PERCENT OF VALVE STEM TRAVEL",
            null,
            null,
            null,
            null,
            null,
            null,
            null,
            null,
            null,
            null
        ],
        [
            "mm\n(Inch)",
            "mm\n(Inch)",
            "5",
            "10",
            "20",
            "30",
            "40",
            "50",
            "60",
            "70",
            "80",
            "90",
            "100"
        ],
        [
            "0.686\n(0.027)",
            "0.177\n(0.007)",
            "0.00001",
            "0.0001",
            "0.0015",
            "0.0050",
            "0.0075",
            "0.0094",
            "0.0108",
            "0.0118",
            "0.0123",
            "0.0129",
            "0.014"
        ],
        [
            "1.60\n(0.063)",
            null,
            "0.00003",
            "0.0003",
            "0.0040",
            "0.0127",
            "0.0200",
            "0.0273",
            "0.0340",
            "0.0393",
            "0.0450",
            "0.0490",
            "0.053"
        ],
        [
            "3.81\n(0.150)",
            null,
            "0.0002",
            "0.0002",
            "0.0010",
            "0.0057",
            "0.0197",
            "0.0440",
            "0.0707",
            "0.0993",
            "0.1293",
            "0.1573",
            "0.182"
        ],
        [
            "3.81\n(0.150)",
            "0.381\n(0.015)",
            "0.0004",
            "0.002",
            "0.043",
            "0.099",
            "0.165",
            "0.223",
            "0.281",
            "0.336",
            "0.379",
            "0.407",
            "0.427"
        ],
        [
            "9.40\n(0.370)",
            "0.304\n(0.012)",
            "0.0007",
            "0.031",
            "0.072",
            "0.144",
            "0.215",
            "0.296",
            "0.377",
            "0.448",
            "0.519",
            "0.576",
            "0.631"
        ],
        [
            "9.40\n(0.370)",
            "0.381\n(0.015)",
            "0.001",
            "0.019",
            "0.131",
            "0.250",
            "0.368",
            "0.492",
            "0.622",
            "0.726",
            "0.832",
            "0.929",
            "1.02"
        ]
    ]
}