{
    "page": 414,
    "table_number": 4,
    "data": [
        [
            "To\nObtain\nby\nMultiply\nNumber of",
            "liter per\nsecond\nl/sec",
            "liter per\nminute\nl/min",
            "cubic meter\nper hour\nm3/hr",
            "cubic foot\nper hour\nft3/hr",
            "cubic foot\nper minute\nft3/min",
            "Imp gallon\nper minute\nImp gal/min",
            "US gallon\nper minute\nUS gal/min",
            "US barrel\nper day\n(42 US gal)\nUS barrel/d"
        ],
        [
            "l/sec\nl/min\nm3/hr\nft3/hr\nft3/min\nImp gal/min\nUS gal/min\nUS barrel/d",
            "1\n0.01667\n0.2778\n0.007865\n0.4719\n0.07577\n0.06309\n0.001840",
            "60\n1\n16.67\n0.4719\n28.32\n4.546\n3.785\n0.1104",
            "3.600\n0.06000\n1\n0.02832\n1.699\n0.2727\n0.2271\n0.006624",
            "127.1\n2.119\n35.31\n1\n60.00\n9.633\n8.021\n0.2339",
            "2.119\n0.03532\n0.5886\n0.01667\n1\n0.1606\n0.1337\n0.003899",
            "13.20\n0.2200\n3.666\n0.1038\n6.229\n1\n0.8327\n0.02428",
            "15.85\n0.2642\n4.403\n0.1247\n7.481\n1.201\n1\n0.02917",
            "543.4\n9.057\n150.9\n4.275\n256.5\n41.17\n34.29\n1"
        ]
    ]
}