{
    "page": 52,
    "table_number": 1,
    "data": [
        [
            "CWP 3000 PSI",
            null,
            null,
            null,
            null,
            null,
            null,
            null,
            null,
            null,
            null,
            null,
            "",
            null,
            null,
            null,
            null
        ],
        [
            "Valve\nSize,\nNPS",
            "Trim",
            "Flow\nChar",
            "Port Diameter",
            null,
            "Experimentally Determined Cv at Valve Opening—Percent of Total Travel",
            null,
            null,
            null,
            null,
            null,
            null,
            null,
            null,
            null,
            null,
            "FL(1)"
        ],
        [
            null,
            null,
            null,
            "mm",
            "Inch",
            "5",
            "10",
            "20",
            "30",
            "40",
            "50",
            "60",
            "70",
            "80",
            "90",
            "100",
            null
        ],
        [
            "1/4",
            "4",
            "=%",
            "4",
            "0.156",
            "‐ ‐ ‐",
            "0.00056",
            "0.010",
            "0.016",
            "0.021",
            "0.030",
            "0.055",
            "0.102",
            "0.157",
            "0.265",
            "0.417",
            "0.98"
        ],
        [
            null,
            "5",
            "=%",
            "4",
            "0.156",
            "‐ ‐ ‐",
            "0.00009",
            "0.00065",
            "0.0043",
            "0.011",
            "0.015",
            "0.021",
            "0.043",
            "0.089",
            "0.132",
            "0.152",
            "0.98"
        ],
        [
            null,
            "6",
            "mod =%",
            "4",
            "0.156",
            "0.00072",
            "0.00180",
            "0.0046",
            "0.0091",
            "0.016",
            "0.033",
            "0.059",
            "0.086",
            "0.095",
            "0.100",
            "0.103",
            "0.98"
        ],
        [
            null,
            "7",
            "mod =%",
            "4",
            "0.156",
            "‐ ‐ ‐",
            "0.00067",
            "0.0033",
            "0.0072",
            "0.013",
            "0.018",
            "0.023",
            "0.031",
            "0.041",
            "0.051",
            "0.065",
            "0.98"
        ],
        [
            null,
            "8",
            "mod =%",
            "4",
            "0.156",
            "0.00045",
            "0.00114",
            "0.0027",
            "0.0049",
            "0.0077",
            "0.012",
            "0.016",
            "0.021",
            "0.026",
            "0.033",
            "0.041",
            "0.98"
        ],
        [
            null,
            "9",
            "mod =%",
            "4",
            "0.156",
            "‐ ‐ ‐",
            "0.00002",
            "0.00039",
            "0.00101",
            "0.0021",
            "0.0033",
            "0.0047",
            "0.0064",
            "0.0082",
            "0.010",
            "0.014",
            "0.98"
        ],
        [
            null,
            "10",
            "mod =%",
            "4",
            "0.156",
            "‐ ‐ ‐",
            "0.00002",
            "0.00023",
            "0.00060",
            "0.0011",
            "0.0017",
            "0.0026",
            "0.0034",
            "0.0044",
            "0.0054",
            "0.0066",
            "0.98"
        ],
        [
            null,
            "11",
            "mod =%",
            "4",
            "0.156",
            "0.00003",
            "0.00010",
            "0.00037",
            "0.00065",
            "0.0012",
            "0.0018",
            "0.0026",
            "0.0033",
            "0.0042",
            "0.0050",
            "0.0059",
            "0.98"
        ],
        [
            null,
            "12",
            "mod =%",
            "4",
            "0.156",
            "‐ ‐ ‐",
            "‐ ‐ ‐",
            "0.00004",
            "0.00020",
            "0.00042",
            "0.00071",
            "0.0011",
            "0.0015",
            "0.0020",
            "0.0025",
            "0.0030",
            "0.98"
        ],
        [
            null,
            "13",
            "mod =%",
            "4",
            "0.156",
            "‐ ‐ ‐",
            "‐ ‐ ‐",
            "0.00003",
            "0.00011",
            "0.00025",
            "0.00039",
            "0.00057",
            "0.00080",
            "0.0010",
            "0.0013",
            "0.0016",
            "0.98"
        ],
        [
            null,
            "14",
            "mod =%",
            "4",
            "0.156",
            "‐ ‐ ‐",
            "‐ ‐ ‐",
            "0.00002",
            "0.00006",
            "0.00012",
            "0.00021",
            "0.00030",
            "0.00042",
            "0.00052",
            "0.00065",
            "0.00079",
            "0.98"
        ],
        [
            null,
            "15",
            "mod =%",
            "4",
            "0.156",
            "0.000002",
            "0.000006",
            "0.00002",
            "0.00004",
            "0.00006",
            "0.00009",
            "0.00011",
            "0.00015",
            "0.0002",
            "0.00023",
            "0.00025",
            "0.98"
        ],
        [
            null,
            "16",
            "mod =%",
            "4",
            "0.156",
            "0.000001",
            "0.000003",
            "0.00001",
            "0.00002",
            "0.00003",
            "0.00005",
            "0.00006",
            "0.00008",
            "0.0001",
            "0.0012",
            "0.00013",
            "0.98"
        ],
        [
            "1. At 100% travel.",
            null,
            null,
            null,
            null,
            null,
            null,
            null,
            null,
            null,
            null,
            null,
            null,
            null,
            null,
            null,
            null
        ]
    ]
}