{
    "page": 414,
    "table_number": 3,
    "data": [
        [
            "To\nObtain\nby\nMultiply\nNumber of",
            "bar(1)",
            "kilogram\nforce per\nsquare\ncentimeter\nkgf/cm2(2)",
            "pound per\nsquare inch\npsi or\nlbf/in2",
            "International\nStandard\nAtmosphere\natm",
            "foot of\nwater\n(4 (cid:3)C)\nft H2O",
            "inch of\nwater\n(4 (cid:3)C)\nin H2O",
            "meter of\nwater\n(4 (cid:3)C)\nm H2O",
            "centimeter of\nMercury\n(0 (cid:3)C)\ncm Hg",
            "inch of\nMercury\n(0 (cid:3)C)\nin Hg",
            "millimeter of\nMercury\n(0 (cid:3)C)\ntorr or mm Hg"
        ],
        [
            "bar\nkgf/cm2\npsi\natm\nft H2O\nin H2O\nm H2O\ncm Hg\nin Hg\ntorr",
            "1\n0.9807\n0.06895\n1.013\n0.02989\n0.002491\n0.09806\n0.01333\n0.03386\n0.001333",
            "1.020\n1\n0.0703\n1.033\n0.0305\n0.002540\n0.1000\n0.01360\n0.03453\n0.001359",
            "14.50\n14.22\n1\n14.69\n0.4335\n0.0361\n1.422\n0.1934\n0.4911\n0.01934",
            "0.9869\n0.9678\n0.06805\n1\n0.02950\n0.002458\n0.09678\n0.01316\n0.03342\n0.001316",
            "33.45\n32.81\n2.307\n33.90\n1\n0.8333\n3.281\n0.4460\n1.133\n0.04460",
            "401.5\n393.7\n27.68\n406.8\n12\n1\n39.37\n5.352\n13.60\n0.5352",
            "10.20\n10.00\n0.7031\n10.33\n0.3048\n0.2540\n1\n0.1360\n0.3453\n0.0136",
            "75.01\n73.56\n5.171\n76.00\n2.242\n0.1868\n7.356\n1\n2.540\n0.1000",
            "29.53\n28.96\n2.036\n29.92\n0.8826\n0.07355\n2.896\n0.3937\n1\n0.03937",
            "750.1\n735.5\n51.71\n760.0\n22.42\n1.868\n73.56\n10.00\n25.40\n1"
        ],
        [
            "1. The unit of pressure in the International System of Units (SI) is the pascal (Pa), which is 1 Newton per square meter (N/m2). 1 bar = 105 Pa\n2. Technical (metric) atmosphere (at)",
            null,
            null,
            null,
            null,
            null,
            null,
            null,
            null,
            null,
            null
        ]
    ]
}