{
    "page": 51,
    "table_number": 2,
    "data": [
        [
            "Valve\nSize",
            "Port\nDia.",
            "Plug\nTvl",
            "CV AT VALVE OPENING - Percent of Plug Travel",
            null,
            null,
            null,
            null,
            null,
            null,
            null,
            null,
            null,
            null,
            "Fd",
            "FL",
            "XT",
            "KC"
        ],
        [
            "NPS",
            "in.",
            "in.",
            "5",
            "10",
            "20",
            "30",
            "40",
            "50",
            "60",
            "70",
            "80",
            "90",
            "100",
            null,
            null,
            null,
            null
        ],
        [
            "1",
            "0.312",
            "0.5",
            "0.00002",
            "0.00005",
            "0.00013",
            "0.00024",
            "0.00036",
            "0.00048",
            "0.0006",
            "0.0007",
            "0.0008",
            "0.0009",
            "0.001",
            "0.7",
            "0.98",
            "0.81",
            "0.94"
        ],
        [
            null,
            null,
            null,
            "0.00004",
            "0.00015",
            "0.0004",
            "0.0007",
            "0.009",
            "0.0012",
            "0.0018",
            "0.0025",
            "0.0033",
            "0.0041",
            "0.005",
            null,
            null,
            null,
            null
        ],
        [
            null,
            null,
            null,
            "0.00007",
            "0.00015",
            "0.0004",
            "0.0008",
            "0.0013",
            "0.002",
            "0.003",
            "0.005",
            "0.007",
            "0.009",
            "0.01",
            null,
            null,
            null,
            null
        ],
        [
            null,
            null,
            null,
            "0.0001",
            "0.0002",
            "0.0006",
            "0.0008",
            "0.0017",
            "0.0031",
            "0.0048",
            "0.007",
            "0.01",
            "0.013",
            "0.02",
            null,
            null,
            null,
            null
        ],
        [
            null,
            null,
            null,
            "0.0003",
            "0.0005",
            "0.001",
            "0.002",
            "0.004",
            "0.008",
            "0.012",
            "0.017",
            "0.023",
            "0.033",
            "0.05",
            null,
            null,
            null,
            null
        ],
        [
            null,
            null,
            null,
            "0.008",
            "0.016",
            "0.034",
            "0.045",
            "0.053",
            "0.061",
            "0.069",
            "0.075",
            "0.081",
            "0.09",
            "0.1",
            null,
            null,
            null,
            null
        ],
        [
            null,
            null,
            null,
            "0.02",
            "0.03",
            "0.04",
            "0.06",
            "0.08",
            "0.1",
            "0.12",
            "0.14",
            "0.16",
            "0.18",
            "0.2",
            null,
            null,
            null,
            null
        ],
        [
            null,
            null,
            null,
            "0.03",
            "0.04",
            "0.08",
            "0.12",
            "0.16",
            "0.2",
            "0.24",
            "0.28",
            "0.32",
            "0.36",
            "0.4",
            null,
            null,
            null,
            null
        ],
        [
            null,
            null,
            null,
            "0.06",
            "0.08",
            "0.16",
            "0.25",
            "0.32",
            "0.41",
            "0.48",
            "0.56",
            "0.64",
            "0.72",
            "0.8",
            "0.42",
            null,
            null,
            null
        ],
        [
            null,
            null,
            null,
            "0.07",
            "0.11",
            "0.2",
            "0.31",
            "0.41",
            "0.52",
            "0.63",
            "0.71",
            "0.82",
            "0.91",
            "1",
            "0.46",
            null,
            null,
            null
        ],
        [
            null,
            "0.375",
            "0.5",
            "0.02",
            "0.042",
            "0.113",
            "0.271",
            "0.541",
            "0.85",
            "1.18",
            "1.72",
            "2.08",
            "2.32",
            "2.5",
            null,
            "0.86",
            "0.68",
            "0.73"
        ],
        [
            null,
            "0.5",
            "0.5",
            "0.04",
            "0.07",
            "0.19",
            "0.46",
            "0.905",
            "1.45",
            "2",
            "2.91",
            "3.52",
            "4",
            "4.2",
            null,
            "0.8",
            "0.53",
            "0.51"
        ]
    ]
}