{
    "page": 56,
    "table_number": 1,
    "data": [
        [
            "ORIFICE\nDIA-\nMETER",
            "DIA-\nPHRAGM\nTRAVEL",
            "Kv AT VALVE OPENING - PERCENT OF VALVE STEM TRAVEL",
            null,
            null,
            null,
            null,
            null,
            null,
            null,
            null,
            null,
            null
        ],
        [
            "mm\n(Inch)",
            "mm\n(Inch)",
            "5",
            "10",
            "20",
            "30",
            "40",
            "50",
            "60",
            "70",
            "80",
            "90",
            "100"
        ],
        [
            "0.686\n(0.027)",
            "0.177\n(0.007)",
            "0.0000086",
            "0.000086",
            "0.00129",
            "0.0043",
            "0.0065",
            "0.0081",
            "0.0093",
            "0.0101",
            "0.0106",
            "0.0111",
            "0.0117"
        ],
        [
            "1.60\n(0.063)",
            null,
            "0.000026",
            "0.000258",
            "0.00344",
            "0.0109",
            "0.0172",
            "0.0235",
            "0.0292",
            "0.0338",
            "0.0387",
            "0.0421",
            "0.0453"
        ],
        [
            "3.81\n(0.150)",
            null,
            "0.00017",
            "0.000172",
            "0.00086",
            "0.0049",
            "0.0169",
            "0.0378",
            "0.0608",
            "0.0854",
            "0.1112",
            "0.1353",
            "0.1568"
        ],
        [
            "3.81\n(0.150)",
            "0.381\n(0.015)",
            "0.00034",
            "0.00172",
            "0.03698",
            "0.0851",
            "0.1419",
            "0.1918",
            "0.2417",
            "0.289",
            "0.326",
            "0.350",
            "0.367"
        ],
        [
            "9.40\n(0.370)",
            "0.304\n(0.012)",
            "0.0006",
            "0.0267",
            "0.0619",
            "0.124",
            "0.185",
            "0.2546",
            "0.324",
            "0.385",
            "0.446",
            "0.4954",
            "0.5427"
        ],
        [
            "9.40\n(0.370)",
            "0.381\n(0.015)",
            "0.00086",
            "0.0160",
            "0.1131",
            "0.215",
            "0.316",
            "0.423",
            "0.535",
            "0.624",
            "0.715",
            "0.799",
            "0.877"
        ]
    ]
}