{
    "page": 412,
    "table_number": 2,
    "data": [
        [
            "To\nObtain\nby\nMultiply\nNumber of",
            "square meter\nm2",
            "square\nmillimeter\nmm2",
            "square inch\nin2",
            "square feet\nft2",
            "square yard\nyd2"
        ],
        [
            "square meters\nsquare millimeters\nsquare inches\nsquare feet\nsquare yards",
            "1\n0.000001\n0.0006452\n0.09290\n0.8361",
            "1,000,000\n1\n645.1\n92,900\n836,100",
            "1550\n0.001550\n1\n144.0\n1296",
            "10.76\n0.00001076\n0.006944\n1\n9.000",
            "1.196\n0.000001196\n0.0007716\n0.1111\n1"
        ]
    ]
}